投稿日,URL,PR区分,表示回数,いいね数,リポスト数,返信数,ブックマーク数,投稿概要
2025-09-27 22:18,https://x.com/Veronica_kuma/status/1971927457340314026,PR,3206,100,7,0,2,#PR （@braye_jp ）様から頂きました！ リップスリーク ＆リップスリークミニ  ミニはバックなどにつけると良さそう 高級感のあるパケが素敵💖  04
2025-08-28 16:01,https://x.com/Veronica_kuma/status/1960960875793408009,通常,3637,56,1,1,1,#今日のメイク   今日は沢山メイク褒められたかも( ु ›ω‹ ) ु♡ プチプラ多め🩷  アミューズのファンデ初めて使ったけど 薄く付くのに肌がしっかり綺麗
2025-10-13 17:54,https://x.com/Veronica_kuma/status/1977659103674785910,通常,14314,56,2,1,0,使い切りシャンプー  meltのシャンプー プレキャンで頂いたもの！  香りも泡立ちも良くて量も多く 髪の毛もまとまる感じのシャンプー🫶  洗浄力の私が使った体
2025-10-26 21:41,https://x.com/Veronica_kuma/status/1982427349716189511,PR,1057,53,8,0,0,#PR 秋新作 【BRAYE メルティングリップスイート 08 10】 を頂きました❣️  これ一本で唇もケアして メイクアップ効果で まるで宝石のような唇に💎
2025-08-24 11:01,https://x.com/Veronica_kuma/status/1959435905913217514,通常,1487,50,3,1,0,（@lenssis2 ）様のキャンペーンに当選し  🩶ノイグレー🩶 を頂きました  水光っぽい青コンに近いかな...? 小さめだけどしっかり盛れる❣️  シリコ
2026-05-05 23:12,https://x.com/Veronica_kuma/status/2051666471202501034,PR,1239,48,2,0,0,使い切りとか〜 レチノールはあと2本あるから継続したい！ ぶっちゃけ2ヶ月使ったけどまだA反応が出ている！  MOEVはPRで頂いたもの、敏感肌でも使いやすかっ
2025-04-20 20:03,https://x.com/Veronica_kuma/status/1913911494162498043,通常,1164,47,1,1,0,#今日のメイク  まぶたメイクせず クレンジングも最低限にしたら 顔痒くならずメイクできるのでは？！ の試み2日目！！  今のところ上手くいってます🫶 pic.
2025-07-15 21:00,https://x.com/Veronica_kuma/status/1945091192183496830,PR,3000,47,3,1,0,#PR #リーゼ #LIPSプレゼント  (@lipsjp )様から頂きました！  ブリーチヘア用　アイロン下地セラム　リッチオイルミスト　 を頂きました🎁どち
2025-10-19 14:31,https://x.com/Veronica_kuma/status/1979782551792411133,通常,6183,47,2,1,2,使い切りヘアミルク🍼  オルビスのヘアミルク 無香料でサラサラ軽めの仕上がり！ ストレスなく塗ることができて他のヘアケアと競合しないのがポイントかな！  リピ悩
2025-06-26 23:39,https://x.com/Veronica_kuma/status/1938245754386321609,通常,1112,46,0,3,1,まつパした！ こないだより上手くなった気がする pic.twitter.com/AuMzZjSbsO
2025-08-27 21:22,https://x.com/Veronica_kuma/status/1960679360941396325,通常,5414,44,0,0,3,#使い切りスキンケア   アスタリフトの朝用アイクリーム！ SPF入ってるから 朝に☀️*ﾟ  しっかり保湿され、ラメ入りでツヤが出て 鼻筋や頬にも使ってました
2025-10-14 22:06,https://x.com/Veronica_kuma/status/1978084913598349709,PR,1093,42,6,0,0,#PR　VT(ブイティ―)のレチノールセラム＆シカ デイリースージングマスクがアップグレード✨    セラムで攻めて、CICAマスクで守る🌿  ２つセットで使う
2025-04-12 15:40,https://x.com/Veronica_kuma/status/1910946195150619099,通常,2877,41,1,0,1,#今日のメイク   あとこれにキャンメイク14番とオペラのリップで完成させました✌️  ブルーベリームーン大きいかな？と思ったら 振袖に似合ってたのでオススメで
2025-01-21 20:24,https://x.com/Veronica_kuma/status/1881664138608517313,PR,1522,39,1,1,0,(@aprilskin_japan )様から頂きました！ ピンクアロエビタトナー ピンクアロエムチンセラム　✨️  特にメイク前に使用するのが個人的には良かった
2025-08-26 10:40,https://x.com/Veronica_kuma/status/1960155391742115948,通常,3376,37,1,2,2,SUQQUの涼月  特有のツヤとラメが 綺麗に撮れたかも📷✨️ このSUQQUのアイシャドウの好きの要素！  水色のカラーとブラウンカラーを重ねると 綺麗なグレ
2025-03-01 18:06,https://x.com/Veronica_kuma/status/1895762553088979450,通常,2896,36,0,7,2,成人式前撮り〜🫶 疲れたから使ったメイクとかは後ほど (›´ω`‹ ) pic.twitter.com/ARV4vdjcN3
2025-10-25 12:54,https://x.com/Veronica_kuma/status/1981932310045110328,通常,1637,33,1,2,0,#今日のメイク   友達と遊びに行きました〜♡ ヲタ活とパンケーキ🥞🥞´- Excelのアイシャドウ発色良くて好き  涙袋、濃い色▶︎明るい色▶︎濃い色って塗る
2024-11-24 10:50,https://x.com/Veronica_kuma/status/1860501116171223242,通常,1754,32,0,0,1,#今日のメイク   SUQQUのホリデー 暖灯 をメインにメイクꕤ︎︎·͜·  オレンジ味が私は出ましたね！  ハイライト付いてるので立体感強め  ラメが上品で
2025-10-28 21:34,https://x.com/Veronica_kuma/status/1983150430877298716,通常,1277,41,2,0,0,𝐔𝐥𝐮𝐥𝐢𝐬 MIZUヘアパック 発売記念キャンペーンに 当選し、使わせて頂きました！  言葉はいらない、写真を見て頂ければわかるかも⁉️ 髪の毛の調子がいい感
2025-05-08 21:04,https://x.com/Veronica_kuma/status/1920449834986975325,通常,15286,40,2,2,6,#今日のメイク  プチプラだけで 裸眼パスポート用証明写真を盛りに行かせていただく回  ベースメイク▶︎顔痒くて諦めた アイメイク▶︎まつ毛しっかり上げ光をアイ
2025-06-01 21:40,https://x.com/Veronica_kuma/status/1929156069902705076,PR,950,39,6,1,0,#PR (@EpaisJP )様からマツパでダメージで悩んでいる際に頂きました！ 【#まつ毛美容液】アイラッシュエッセンシャルセラム 液たっぷり塗りやすくまつパ
2025-10-05 12:25,https://x.com/Veronica_kuma/status/1974677388345979259,通常,1393,35,2,0,0,最近メイク晒してないなと思って 廃盤のコナユキブルーこれで最後🥹  右上はスワンブルーです なんか前と色味変わったような... 前より深緑になってる気がする？ 
2025-09-16 20:52,https://x.com/Veronica_kuma/status/1967919534339395871,通常,3427,34,1,0,1,大好きメラノccシリーズ 美白ジェル使い切り！  夜たっぷり塗ってました！ 日焼け止めとの相性により カスが出る可能性が... 朝は使えません🤗ｺﾞﾒﾝ  その
